{
  "formatVersion": 1,
  "database": {
    "version": 1,
    "identityHash": "c66e77ae412b3080fcf14cc5431c4cf4",
    "entities": [
      {
        "tableName": "Contact",
        "createSql": "CREATE TABLE IF NOT EXISTS `${TABLE_NAME}` (`id` INTEGER PRIMARY KEY AUTOINCREMENT, `name` TEXT NOT NULL, `firstname` TEXT, `birthday` INTEGER, `email` TEXT, `address` TEXT, `zip` TEXT, `city` TEXT, `type` TEXT, `phoneNumber` TEXT)",
        "fields": [
          {
            "fieldPath": "id",
            "columnName": "id",
            "affinity": "INTEGER",
            "notNull": false
          },
          {
            "fieldPath": "name",
            "columnName": "name",
            "affinity": "TEXT",
            "notNull": true
          },
          {
            "fieldPath": "firstname",
            "columnName": "firstname",
            "affinity": "TEXT",
            "notNull": false
          },
          {
            "fieldPath": "birthday",
            "columnName": "birthday",
            "affinity": "INTEGER",
            "notNull": false
          },
          {
            "fieldPath": "email",
            "columnName": "email",
            "affinity": "TEXT",
            "notNull": false
          },
          {
            "fieldPath": "address",
            "columnName": "address",
            "affinity": "TEXT",
            "notNull": false
          },
          {
            "fieldPath": "zip",
            "columnName": "zip",
            "affinity": "TEXT",
            "notNull": false
          },
          {
            "fieldPath": "city",
            "columnName": "city",
            "affinity": "TEXT",
            "notNull": false
          },
          {
            "fieldPath": "type",
            "columnName": "type",
            "affinity": "TEXT",
            "notNull": false
          },
          {
            "fieldPath": "phoneNumber",
            "columnName": "phoneNumber",
            "affinity": "TEXT",
            "notNull": false
          }
        ],
        "primaryKey": {
          "columnNames": [
            "id"
          ],
          "autoGenerate": true
        },
        "indices": [],
        "foreignKeys": []
      }
    ],
    "views": [],
    "setupQueries": [
      "CREATE TABLE IF NOT EXISTS room_master_table (id INTEGER PRIMARY KEY,identity_hash TEXT)",
      "INSERT OR REPLACE INTO room_master_table (id,identity_hash) VALUES(42, 'c66e77ae412b3080fcf14cc5431c4cf4')"
    ]
  }
}